candidato,url,caption,data,likes,shortCode,comentarios,categoria,validacao_1,subcategoria,validacao_2,formato,periodo,Observação,...14
Lula,https://www.instagram.com/p/DcGuI_oueFY/,"Que emoção voltar à Vila Euclides quase 50 anos depois. ❤️

Obrigado, Brasil, por me permitir voltar ao lugar onde tudo começou.

: @ricardostuckert
_

Propaganda eleitoral - Coligação Brasil pronto pra mais: PSB/PDT/Federação Fé Brasil(PT/PCdoB/PV)/Federação PSOL-REDE (PSOL/REDE). CNPJ: 68.475.818/0001-02.",2026-08-16T00:00:00Z,759940,DcGuI_oueFY,68859,Conteúdo Programático,Conteúdo programático,"

Mobilização Política","

Mobilização Política",Vídeo,16-22_08,Comício,NA
Lula,https://www.instagram.com/p/DcFefeeu0N_/,"É oficial! A campanha começa agora. 

Chegou a hora de mostrar que o Brasil está pronto pra mais. Mais oportunidades, mais soberania, mais futuro.

É hora do 13! ⭐️

Propaganda eleitoral - Coligação Brasil pronto pra mais: PSB/PDT/Federação Fé Brasil(PT/PCdoB/PV)/Federação PSOL-REDE (PSOL/REDE). CNPJ: 68.475.818/0001-02",2026-08-16T00:00:00Z,543781,DcFefeeu0N_,38064,Conteúdo Programático,Conteúdo programático,"

Mobilização Política","

Mobilização Política",Foto,16-22_08,Conteúdo de Campanha,NA
Lula,https://www.instagram.com/p/DcJO59-ug-l/,"Eu não quero o Lulinha Paz e Amor. Eu quero o Lulinha Porreta. Quero o Lulinha que vai fazer o que ainda não fizemos. Porque o básico, que nós cuidamos, o povo já está comendo. Agora que o básico está garantido, é hora de dar um salto de qualidade. É hora de pensar grande e levar o Brasil para um novo patamar.  

 @ricardostuckert 

Propaganda eleitoral - Coligação Brasil pronto pra mais: PSB/PDT/Federação Fé Brasil(PT/PCdoB/PV)/Federação PSOL-REDE (PSOL/REDE). CNPJ: 68.475.818/0001-02.",2026-08-17T00:00:00Z,320644,DcJO59-ug-l,6140,Conteúdo Personalista,Conteúdo personalista,Competência,Competência,Foto,16-22_08,Conteúdo de Campanha,NA
Lula,https://www.instagram.com/p/DcHO80slX6g/,"Voltar à Vila Euclides é reencontrar um pedaço fundamental da história do Brasil.

Em São Bernardo do Campo, esse chão foi palco da luta da classe trabalhadora e de momentos decisivos para a nossa democracia.

Hoje, é emocionante ver o povo brasileiro de volta a esse lugar, celebrando a nossa história e olhando para o futuro. Porque a história continua, e o Brasil está pronto para mais. 

 @ricardostuckert

Propaganda eleitoral - Coligação Brasil pronto pra mais: PSB/PDT/Federação Fé Brasil(PT/PCdoB/PV)/Federação PSOL-REDE (PSOL/REDE). CNPJ: 68.475.818/0001-02.",2026-08-16T00:00:00Z,302839,DcHO80slX6g,10381,Conteúdo Personalista,Conteúdo personalista,Identidade,Identidade,Foto,16-22_08,Identidade,NA
Lula,https://www.instagram.com/p/DcPgUIHONVi/,"Aumenta o som e aprenda a cantar o Rap do Silva com a gente! 

——
Propaganda eleitoral - Coligação Brasil pronto pra mais: PSB/PDT/Federação Fé Brasil(PT/PCdoB/PV)/Federação PSOL-REDE (PSOL/REDE). CNPJ: 68.475.818/0001-02.",2026-08-20T00:00:00Z,211015,DcPgUIHONVi,8048,Conteúdo Personalista,Conteúdo personalista,Identidade,Identidade,Vídeo,16-22_08,Video de Campanha,NA
Lula,https://www.instagram.com/p/DcTMLYBx2pY/,A partir de agora nós nos encontramos em estado permanente de campanha!,2026-08-21T00:00:00Z,177053,DcTMLYBx2pY,5762,Conteúdo Programático,Conteúdo programático,Mobilização Política,Mobilização política,Vídeo,16-22_08,NA,NA
Lula,https://www.instagram.com/p/DcGaPpfNsxS/,"Tá com a família aí? Queria dizer pra vocês que o Brasil está pronto pra mais. Como nunca esteve antes. 

Eu quero que o Brasil melhore pra você. 

Vote em você. Vote no seu sonho.",2026-08-16T00:00:00Z,164586,DcGaPpfNsxS,16911,Conteúdo Personalista,Conteúdo personalista,Competência,Competência,Vídeo,16-22_08,NA,NA
Lula,https://www.instagram.com/p/DcUsl5HDtbL/,"Minas Gerais sabe que o Brasil está pronto para mais. E quando o povo acredita, se mobiliza e vai à luta, não tem força capaz de parar esse país. 

No dia 4 de outubro, Lula, Patrus, Marília e Áurea!

 @ricardostuckert

_

Propaganda eleitoral - Coligação Brasil pronto pra mais: PSB/PDT/Federação Fé Brasil(PT/PCdoB/PV)/Federação PSOL-REDE (PSOL/REDE). CNPJ: 68.475.818/0001-02.",2026-08-22T00:00:00Z,160408,DcUsl5HDtbL,6826,Conteúdo Programático,Conteúdo programático,Mobilização Política,Mobilização política,Foto,16-22_08,NA,NA
Lula,https://www.instagram.com/p/DcJnZqNN7QI/,"Sigo com a mesma lealdade ao povo brasileiro. Enquanto eu tiver forças, vou seguir trabalhando para fazer mais pelo nosso país e pelos nossos trabalhadores e trabalhadoras. ❤️
_

Propaganda eleitoral - Coligação Brasil pronto pra mais: PSB/PDT/Federação Fé Brasil(PT/PCdoB/PV)/Federação PSOL-REDE (PSOL/REDE). CNPJ: 68.475.818/0001-02.",2026-08-17T00:00:00Z,154041,DcJnZqNN7QI,9705,Conteúdo Personalista,Conteúdo personalista,Identidade,Identidade,Vídeo,16-22_08,NA,NA
Lula,https://www.instagram.com/p/DcGxA89O744/,"Hoje volto à Vila Euclides, em São Bernardo, berço da luta da classe trabalhadora do nosso país.

É emocionante ver o povo brasileiro de volta ao lugar onde tudo começou. É daqui que nossa história continua porque o Brasil está pronto para mais. 

 @ricardostuckert

_

Propaganda eleitoral - Coligação Brasil pronto pra mais: PSB/PDT/Federação Fé Brasil(PT/PCdoB/PV)/Federação PSOL-REDE (PSOL/REDE). CNPJ: 68.475.818/0001-02.",2026-08-16T00:00:00Z,135380,DcGxA89O744,5653,Conteúdo Programático,Conteúdo programático,Mobilização Política,Mobilização política,Foto,16-22_08,NA,NA
Lula,https://www.instagram.com/p/DcWrsQsN8qD/,"O DataPovo não deixa dúvida: os atos de campanha do presidente Lula mobilizam multidões por onde passam.

Rio de Janeiro, Belo Horizonte, São Paulo, Natal. Em cada cidade, o povo mostra que está com Lula e quer fazer parte dessa corrente de esperança e desse momento histórico.

E isso é só o começo. Ainda tem muito encontro pela frente até a vitória. O DataPovo vai continuar registrando essa força e quebrando recordes! ❤️

——
Propaganda eleitoral - Coligação Brasil pronto pra mais: PSB/PDT/Federação Fé Brasil(PT/PCdoB/PV)/Federação PSOL-REDE (PSOL/REDE). CNPJ: 68.475.818/0001-02.",2026-08-22T00:00:00Z,131407,DcWrsQsN8qD,6352,Conteúdo Programático,Conteúdo programático,Mobilização Política,Mobilização política,Foto,16-22_08,NA,NA
Lula,https://www.instagram.com/p/DcFNDSKOFTh/,"Minha volta à Vila Euclides é uma viagem ao passado e à história de luta dos trabalhadores brasileiros, que tiveram papel fundamental na reconquista da democracia.

Este estádio foi palco de uma história escrita pelas mãos de homens e mulheres que nos permitiram sonhar com um Brasil soberano, democrático e que pode muito mais. ❤️

 @ricardostuckert",2026-08-16T00:00:00Z,120942,DcFNDSKOFTh,6104,Conteúdo Personalista,Conteúdo personalista,Identidade,Identidade,Vídeo,16-22_08,NA,NA
Lula,https://www.instagram.com/p/DcV96NSuE0m/,"Minas é terra de mulheres que não se curvam. ❤️

——
Propaganda eleitoral - Coligação Brasil pronto pra mais: PSB/PDT/Federação Fé Brasil(PT/PCdoB/PV)/Federação PSOL-REDE (PSOL/REDE). CNPJ: 68.475.818/0001-02.",2026-08-22T00:00:00Z,114363,DcV96NSuE0m,6458,Conteúdo Personalista,Conteúdo personalista,Identidade,Identidade,Vídeo,16-22_08,NA,NA
Lula,https://www.instagram.com/p/DcHXMJtNTrz/,"Deus sempre foi muito generoso comigo. Ele fez o povo e foi o povo que me fez quem sou hoje.

Obrigado, povo brasileiro. ❤️

Propaganda eleitoral - Coligação Brasil pronto pra mais: PSB/PDT/Federação Fé Brasil(PT/PCdoB/PV)/Federação PSOL-REDE (PSOL/REDE). CNPJ: 68.475.818/0001-02.",2026-08-16T00:00:00Z,111439,DcHXMJtNTrz,4375,Conteúdo Personalista,Conteúdo personalista,Identidade,Identidade,Foto,16-22_08,NA,NA
Flavio,https://www.instagram.com/p/DcSAzQ4xDt-/,"Devemos chamar a polícia?  
Siga @lucaspavanato e @flaviobolsonaro 

Vem de 2️⃣2️⃣ e 2️⃣2️⃣1️⃣1️⃣",2026-08-21T00:00:00Z,943806,DcSAzQ4xDt-,43212,Conteúdo Personalista,Conteúdo personalista,Relações Pessoais E Interpessoais,Relações pessoais e interpessoais,video (possui IA),16-22_08,NA,NA
Flavio,https://www.instagram.com/p/DcFhCO7pnCh/,"Começou o jogo e o Brasil precisa de você. Em outubro, para tirar o nosso país do vermelho, aperte 22 e confirma. 

É Flávio Bolsonaro presidente e @alfredogaspar vice. 

O Brasil vai vencer!

Partido Liberal - PL- 68.581.907/0001-25",2026-08-16T00:00:00Z,544023,DcFhCO7pnCh,28626,Conteúdo Programático,Conteúdo programático,Mobilização Política,Mobilização Política,Foto,16-22_08,NA,NA
Flavio,https://www.instagram.com/p/DcGviJyppP6/,"Começamos esse domingo e essa campanha com o pé direito, mais que prontos para tirar o Brasil do vermelho. 

O recado das ruas é claro: FORA LULA. Vamos resgatar o nosso país e fazer do Brasil grande novamente. O Brasil vai vencer! 

#ForaLula #FlavioBolsonaro #FlavioBolsonaro22 #OBrasilVaiVencer #Bolsonaro",2026-08-16T00:00:00Z,483350,DcGviJyppP6,32984,Conteúdo Personalista,Conteúdo personalista,Identidade,Identidade,Vídeo,16-22_08,NA,NA
Flavio,https://www.instagram.com/p/DcWjgpZJ1TS/,"Chegueeeeeeeeeeeeeeeeei, Barretos!",2026-08-22T00:00:00Z,404373,DcWjgpZJ1TS,17484,Conteúdo Personalista,Conteúdo personalista,Identidade,Identidade,Vídeo,16-22_08,NA,Esse aqui é difícil sem o vídeo completo
Flavio,https://www.instagram.com/p/DcTF-pmpCXo/,"NÃO PULE ESTE VÍDEO! 
Hoje você vai conhecer o entrevistador mais difícil que eu já enfrentei, o @nikolasferreiradm . A íntegra da entrevista está no canal do Nikolas no YouTube. Corre lá!

Vote 22 O Brasil vai vencer!",2026-08-21T00:00:00Z,325292,DcTF-pmpCXo,17238,Conteúdo Personalista,Conteúdo personalista,Relações Pessoais E Interpessoais,Relações pessoais e interpessoais,Vídeo,16-22_08,NA,NA
Flavio,https://www.instagram.com/p/DcR3dLKB3w2/,"Hoje foi dia de apresentar ao senador Flávio Bolsonaro projetos e políticas públicas que vêm transformando a vida das pessoas.

É na ponta que a gente vê os resultados: mais dignidade, comida de qualidade na mesa e a certeza de que uma boa política pública faz diferença no dia a dia.

E, de quebra, ainda deu tempo de bater aquela bolinha e o @flaviobolsonaro marcou dois gols! ⚽️",2026-08-20T00:00:00Z,165780,DcR3dLKB3w2,7226,Conteúdo Programático,Conteúdo programático,Prestação De Contas,Prestação de contas,Vídeo,16-22_08,NA,NA
Flavio,https://www.instagram.com/p/DcHnG-vJMLS/,"Ganhei um presente muito especial da @tabata_paz_paz e da sua filha, Bella. 

Ele já veio comigo e com a @fernanda.bolsonaro para Brasília, viu? Tenho certeza de que as meninas vão ficar muito felizes com o novo integrante da família.

Qual pode ser o nome do nosso novo mascote? Responde nos comentários",2026-08-16T00:00:00Z,152408,DcHnG-vJMLS,11793,Conteúdo Personalista,Conteúdo personalista,Relações Pessoais E Interpessoais,Relações pessoais e interpessoais,Vídeo,16-22_08,NA,NA
Flavio,https://www.instagram.com/p/DcG-KDtJj79/,"A voz do povo é a voz da mudança!

E o povo já decidiu que não quer essa agenda de atraso e retrocesso da esquerda, o povo quer vida digna, quer segurança, quer geladeira cheia. E isso vai se realizar. 

Essa mensagem, escrita com batom, é a promessa para 2026: o Brasil vai vencer!

VOTE 2️⃣2️⃣",2026-08-16T00:00:00Z,146961,DcG-KDtJj79,5759,Conteúdo Programático,Conteúdo programático,Campanha Negativa,campanha negativa,Vídeo,16-22_08,NA,NA
Renan,https://www.instagram.com/p/DcWBGthtRGX/,"preciso de ajuda
Siga @renansantosmbl",2026-08-22T00:00:00Z,237771,DcWBGthtRGX,14117,Conteúdo Programático,Conteúdo programático,Mobilização Política,Mobilização política,Vídeo,16-22_08,NA,NA
Renan,https://www.instagram.com/p/DcJRYupN7aJ/,"Lula fugiu do debate! 
Siga @renansantosmbl",2026-08-17T00:00:00Z,167032,DcJRYupN7aJ,5920,Conteúdo Programático,Conteúdo programático,Campanha Negativa,Campanha Negativa,Vídeo,16-22_08,NA,NA
Renan,https://www.instagram.com/p/DcGad-3Bf7O/,"Não veja esse vídeo! 

Vote 14",2026-08-16T00:00:00Z,165894,DcGad-3Bf7O,4807,Conteúdo Personalista,Conteúdo personalista,Competência,Competência,Vídeo,16-22_08,NA,NA
Renan,https://www.instagram.com/p/DcO6L9qE_hO/,"As ""decijanjas"" precisam acabar.
Siga @renansantosmbl",2026-08-19T00:00:00Z,162592,DcO6L9qE_hO,4496,Conteúdo Personalista,Conteúdo personalista,Campanha Negativa,Campanha Negativa,Vídeo,16-22_08,NA,NA
Renan,https://www.instagram.com/p/DcFcpGuN3Ea/,"É oficial: finalmente posso falar que sou candidato a presidente e meu número é 14. Nos próximos 45 dias vamos ter que mostrar o óbvio para o Brasil: que bandido tem que ser ou preso ou morto, que favela não é um lugar bom para se morar, que o Brasil não precisa ficar de joelhos para a China ou os EUA, e que os brasileiros não precisamos ficar entre um escândalo do Banco Master e um escândalo do INSS. 

Lula e Flávio não são alternativas, são apenas a manutenção de um Brasil que pune a produtividade e premia a corrupção. Montei meu próprio partido para não ficar na mão de político algum e fazer algo novo. É por isso que agora peço o seu voto. O futuro é glorioso. Vote 14 para Presidente da República.",2026-08-16T00:00:00Z,115325,DcFcpGuN3Ea,3627,Conteúdo Programático,Conteúdo programático,Mobilização Política,Mobilização política,Foto,16-22_08,NA,NA
Renan,https://www.instagram.com/p/DcPhQWtNPl4/,"Vídeos completos amanhã!
Siga @renansantosmbl",2026-08-20T00:00:00Z,114865,DcPhQWtNPl4,3699,Conteúdo Personalista,Conteúdo personalista,Competência,Competência,Vídeo,16-22_08,NA,NA
Renan,https://www.instagram.com/p/DcUBNTftx2g/,"URGENTE: PM da Paraíba deu exemplo e botou fogo em mais barricadas de facções criminosas. Pra quem acha que era só entulho, a PM, que tá todo dia enfrentando esses caras, mostra que não. Força aos policiais da Paraíba! 

Siga @renansantosmbl",2026-08-21T00:00:00Z,106179,DcUBNTftx2g,2068,Conteúdo Programático,Conteúdo programático,Pautas E Problemas Públicos,Pautas e Problemas Públicos,Foto,16-22_08,NA,NA
Renan,https://www.instagram.com/p/DcHMwqDtbzM/,"Já imaginaram?
Siga @renansantosmbl",2026-08-16T00:00:00Z,104185,DcHMwqDtbzM,4994,Conteúdo Programático,Conteúdo programático,Pautas E Problemas Públicos,Pautas e Problemas Públicos,Vídeo,16-22_08,NA,NA
Renan,https://www.instagram.com/p/DcTSdJ4t2mV/,"Eu fui na Arena PixBet falar sobre uma coisa muito suspeita.

Siga @renansantosmbl",2026-08-21T00:00:00Z,103686,DcTSdJ4t2mV,4044,Conteúdo Personalista,Conteúdo personalista,Competência,Competência,Vídeo,16-22_08,NA,NA
Renan,https://www.instagram.com/p/DcW0_rLBKin/,"Simplesmente não dá mais pra ficar calado.
As acusações são muito graves, os rumores correm cada vez mais e o povo clama por uma resposta. Por isso estou aqui.

O que está acontecendo é um desrespeito comigo, com os jornalistas, mas, acima de tudo, com você, eleitor.

Sim, meus amigos, é sobre isso mesmo que vocês estão pensando: Lula e Flávio estão com medo de mim!
Logo de mim? Vivem dizendo por aí que eu sou apenas um menino, que eu sou inexperiente. E eles, políticos tão experientes, estão com medo disso?
Neste domingo acontece o primeiro debate, aqui na Band. Eu já estou tão ansioso que, além de já estar aqui esperando por eles, eu até trouxe meu próprio púlpito.

Eu tô ansioso pra falar pro povo coisas que nunca ninguém falou na TV, pra revelar esquemas que envolvem tanto um quanto o outro, pra mostrar que eles fingem ser inimigos, mas, na hora de se beneficiar e roubar você, eleitor, eles ficam bem juntinhos.
Mas calma, Lula. Pode ficar tranquilo, Flávio. Não tem do que ter medo.

Pra mostrar minha boa vontade, eu já trouxe um presente para vocês dois: tem um pacote de fraldas pra cada um, pra não ter briga. Vocês vão precisar.
Além disso, pra ser mais bonzinho, eu ainda vou mostrar pra vocês as perguntas que eu vou fazer no debate. Assim vocês têm tempo pra preparar uma boa desculpa.

Se você quer ver quais são as perguntas, comenta aqui ""DEBATE"" que eu vou te mandar um link especial, pra você ver os questionamentos que eu tenho pra esses dois cagões.

E já aproveita pra compartilhar esse vídeo no direct do seu familiar ou do seu amigo que tá pensando em votar em um desses dois.
Se você é obrigado a votar, o candidato também deveria ser obrigado a debater. Se ele não faz nem isso, não merece seu voto.

Renan14 #RenanSantos #Vote14 #PartidoMissão",2026-08-22T00:00:00Z,92106,DcW0_rLBKin,15612,Conteúdo Personalista,Conteúdo personalista,Competência,Competência,Vídeo,16-22_08,NA,NA
Renan,https://www.instagram.com/p/DcRLM9JNkCh/,Eu destruí as câmeras de uma facção criminosa,2026-08-20T00:00:00Z,83720,DcRLM9JNkCh,3357,Conteúdo Personalista,Conteúdo personalista,Competência,Competência,Vídeo,16-22_08,NA,NA
Renan,https://www.instagram.com/p/DcJobp8NpAP/,"Por que Lula não quer ir ao debate comigo?
Siga @renansantosmbl",2026-08-17T00:00:00Z,82251,DcJobp8NpAP,2113,Conteúdo Programático,Conteúdo programático,Campanha Negativa,Campanha Negativa,Vídeo,16-22_08,NA,NA
Renan,https://www.instagram.com/p/DcH28ajx-11/,"Evento bizarro do Lula
Siga @renansantosmbl",2026-08-17T00:00:00Z,76186,DcH28ajx-11,3360,Conteúdo Personalista,Conteúdo personalista,Campanha Negativa,Campanha Negativa,Vídeo,16-22_08,NA,NA
Renan,https://www.instagram.com/p/DcLszi6t6a2/,"2026 e tem gente que ainda acredita em Lula e Flávio.

Siga @renansantosmbl",2026-08-18T00:00:00Z,72696,DcLszi6t6a2,3057,Conteúdo Personalista,Conteúdo personalista,Competência,Competência,Vídeo,16-22_08,NA,NA
Renan,https://www.instagram.com/p/DcSLCEitMp5/,"Ninguém liga para o Lulinha.
Siga @renansantosmbl",2026-08-21T00:00:00Z,71957,DcSLCEitMp5,4024,Conteúdo Personalista,Conteúdo personalista,Campanha Negativa,Campanha Negativa,Vídeo,16-22_08,NA,NA
Caiado,https://www.instagram.com/p/DcSJ3VvtwsM/,"O crime recruta nossos jovens. E o governo Lula faz o quê para impedir? 
No Brasil que eu acredito, quem manda é a lei.  

#Caiado55
#CaiadoPresidente 
#BrasilComCaiado

—

Propaganda eleitoral: PARTIDO SOCIAL DEMOCRÁTICO - PSD - CNPJ 68.599.317/0001-20",2026-08-21T00:00:00Z,64553,DcSJ3VvtwsM,604,Conteúdo Programático,Conteúdo programático,Pautas E Problemas Públicos,Pautas e problemas públicos,Vídeo,16-22_08,NA,NA
Caiado,https://www.instagram.com/p/DcFLM3uFRV0/,"Quem me conhece sabe: nunca estive e nunca estarei ao lado do PT. Essa especulação é só cortina de fumaça para tirar o foco do que realmente importa.

Estou tranquilo, sigo firme, e com a convicção de que enfrentarei Lula no segundo turno.

Vou devolver o Brasil aos brasileiros!  

#BrasilComCaiado

—

Propaganda eleitoral - PARTIDO SOCIAL DEMOCRÁTICO - PSD - CNPJ 68.599.317/0001-20",2026-08-16T00:00:00Z,41739,DcFLM3uFRV0,23400,Conteúdo Personalista,Conteúdo personalista,Identidade,Identidade,Vídeo,16-22_08,NA,NA
Caiado,https://www.instagram.com/p/DcFaM6tNgZ5/,"O Brasil não pode continuar pertencendo a quem vive do poder enquanto o cidadão paga a conta. Eu quero devolver o País a quem trabalha, produz, cria os filhos e não desiste.

Quero governar para os brasileiros, com coragem para enfrentar privilégios e competência para fazer o País avançar.  

#Caiado55
#BrasilComCaiado 
#ArrochaBrasil

—

Propaganda eleitoral: PARTIDO SOCIAL DEMOCRÁTICO - PSD - CNPJ 68.599.317/0001-20",2026-08-16T00:00:00Z,35080,DcFaM6tNgZ5,4800,Conteúdo Personalista,Conteúdo personalista,Identidade,Identidade,Foto,16-22_08,NA,NA
Caiado,https://www.instagram.com/p/DcI4jB-N5Oa/,"Médico, cristão, ficha limpa, direita raiz… a lista começou, mas quem acompanha sabe que ainda tem muito mais. 

#Caiado55
#BrasilComCaiado
#ArrochaBrasil

—

Propaganda eleitoral: PARTIDO SOCIAL DEMOCRÁTICO - PSD - CNPJ 68.599.317/0001-20",2026-08-17T00:00:00Z,28374,DcI4jB-N5Oa,1901,Conteúdo Personalista,Conteúdo personalista,Identidade,Identidade,Foto,17-22_08,NA,NA
Caiado,https://www.instagram.com/p/DcGli3GFSuj/,"Nesta manhã de domingo, comecei este dia tão importante para mim e para o Brasil na Catedral Metropolitana de Goiânia Nossa Senhora Auxiliadora. Ao lado da minha esposa, @gracinhacaiado, a minha família, e da nossa gente de Goiás, voltei meu coração a Deus em um momento de oração, gratidão e renovação da fé. ✨

É a fé que nos dá sabedoria, serenidade e força para seguir cumprindo a missão de servir. Que Ele abençoe nossas famílias e ilumine os caminhos do Brasil. 

Fotos: Lucas Diener

—

Propaganda eleitoral: PARTIDO SOCIAL DEMOCRÁTICO - PSD - CNPJ 68.599.317/0001-20

Propaganda eleitoral: PARTIDO SOCIAL DEMOCRÁTICO - PSD - CNPJ 68.599.317/0001-20",2026-08-16T00:00:00Z,16094,DcGli3GFSuj,832,Conteúdo Personalista,Conteúdo personalista,Identidade,Identidade,Foto,16-22_08,NA,NA
Caiado,https://www.instagram.com/p/DcGTkrCBpM9/,"Começamos hoje uma nova caminhada. Com 40 anos de vida pública, convicções firmes e resultados para mostrar, abraço o mais novo desafio para devolver aos brasileiros o nosso Brasil amado.

Eu já provei que gestão séria muda a vida real: é segurança na rua, educação para os filhos e oportunidade para quem trabalha.

E eu estou pronto, preparado e com muita coragem para fazer acontecer. Agora é hora de ir à luta pelo Brasil. E eu quero você comigo nesta caminhada. 

Vamos juntos espalhar o 55!  

#Caiado55
#BrasilComCaiado 
#ArrochaBrasil

—

Propaganda eleitoral: PARTIDO SOCIAL DEMOCRÁTICO - PSD - CNPJ 68.599.317/0001-20",2026-08-16T00:00:00Z,15694,DcGTkrCBpM9,3051,Conteúdo Personalista,Conteúdo personalista,Competência,Competência,Vídeo,16-22_08,NA,NA
Caiado,https://www.instagram.com/p/DcKPPd2D7r-/,"Pegadinha comigo não cola. A resposta dessa aqui é fácil. 
Onde fica meu coração? Do lado da direita. Sempre esteve. 

#Caiado55
#BrasilComCaiado 
#ArrochaBrasil 

—

Propaganda eleitoral: PARTIDO SOCIAL DEMOCRÁTICO - PSD - CNPJ 68.599.317/0001-20",2026-08-17T00:00:00Z,14438,DcKPPd2D7r-,3700,Conteúdo Personalista,Conteúdo personalista,Identidade,Identidade,Vídeo,16-22_08,NA,NA
Caiado,https://www.instagram.com/p/DcSFatwt3w8/,"Política de verdade chega dentro de casa: na conta que precisa fechar no final do mês e na mãe que quer ver o filho longe do crime. É por essa família brasileira que eu vou governar. 

#Caiado55
#BrasilComCaiado
#CaiadoPresidente

—

Propaganda eleitoral: PARTIDO SOCIAL DEMOCRÁTICO - PSD - CNPJ 68.599.317/0001-20",2026-08-21T00:00:00Z,13788,DcSFatwt3w8,1046,Conteúdo Programático,Conteúdo programático,Pautas E Problemas Públicos,Pautas e problemas públicos,Vídeo,16-22_08,NA,NA
Caiado,https://www.instagram.com/p/DcFVvU-B4CX/,"Agora é pra valer!!! 
Começa uma caminhada de coragem, experiência e resultado para mudar o Brasil de verdade.
Aperta o play e vem comigo! 

#Caiado55
#BrasilComCaiado 
#ArrochaBrasil

—

Propaganda eleitoral: PARTIDO SOCIAL DEMOCRÁTICO - PSD - CNPJ 68.599.317/0001-20",2026-08-16T00:00:00Z,13481,DcFVvU-B4CX,1225,Conteúdo Personalista,Conteúdo personalista,Competência,Competência,Vídeo,16-22_08,NA,NA
Caiado,https://www.instagram.com/p/DcUSUPZjasx/,"Etanol não é problema, é solução brasileira. Só não sabe disso quem é sabooor Agro.
Vou ampliar a produção nacional de biocombustíveis, fortalecer quem produz e colocar o Brasil na liderança da energia limpa.  

#Caiado55
#BrasilComCaiado
#CaiadoPresidente

—

Propaganda eleitoral - PARTIDO SOCIAL DEMOCRÁTICO - PSD - CNPJ 68.599.317/0001-20",2026-08-21T00:00:00Z,12239,DcUSUPZjasx,12900,Conteúdo Programático,Conteúdo programático,Propostas E Soluções,Propostas e soluções,Vídeo,16-22_08,NA,NA
Caiado,https://www.instagram.com/p/DcMlMm3tncK/,"Se é para derrotar o PT, eu estou pronto. 

#Caiado55
#BrasilComCaiado 
#ArrochaBrasil 

Propaganda eleitoral: PARTIDO SOCIAL DEMOCRÁTICO - PSD - CNPJ 68.599.317/0001-20",2026-08-18T00:00:00Z,11628,DcMlMm3tncK,5164,Conteúdo Personalista,Conteúdo personalista,Campanha Negativa,Campanha negativa,Foto,16-22_08,NA,NA
Caiado,https://www.instagram.com/p/DcFc0_tNB9W/,"Vote Caiado Presidente.
Vote 55. 

#Caiado55
#BrasilComCaiado
#ArrochaBrasil

— 

Propaganda eleitoral: PARTIDO SOCIAL DEMOCRÁTICO - PSD - CNPJ 68.599.317/0001-20",2026-08-16T00:00:00Z,10422,DcFc0_tNB9W,1793,Conteúdo Personalista,Conteúdo personalista,Identidade,Identidade,Foto,16-22_08,NA,NA
Caiado,https://www.instagram.com/p/DcLhoiPtTK9/,"Chegou a hora: Vamos devolver o Brasil aos brasileiros! 

#Caiado55
#BrasilComCaiado
#ArrochaBrasil

—
Propaganda eleitoral - PARTIDO SOCIAL DEMOCRÁTICO - PSD - CNPJ 68.599.317/0001-20",2026-08-18T00:00:00Z,9875,DcLhoiPtTK9,820,Conteúdo Personalista,Conteúdo personalista,Identidade,Identidade,Vídeo,16-22_08,NA,NA
Caiado,https://www.instagram.com/p/DcGqR9TQn8-/,"Águas Lindas de Goiás, no Entorno do Distrito Federal, deu o pontapé inicial na nossa campanha! 

É hora de acelerar, de mudar o rumo do Brasil e mostrar que Goiás está no caminho certo — e vai continuar avançando!

Ao lado do governador Daniel Vilela e do presidente Ronaldo Caiado, vamos levar essa força para Brasília e fazer Goiás ser cada vez mais forte no Senado!

É pra frente! É Goiás! É 4️⃣4️⃣4️⃣! 
@ronaldocaiado 5️⃣5️⃣
@danielvilela15 1️⃣5️⃣",2026-08-16T00:00:00Z,8594,DcGqR9TQn8-,433,Conteúdo Personalista,Conteúdo personalista,Relações Pessoais E Interpessoais,Relações pessoais e interpessoais,Foto,16-22_08,NA,NA
Caiado,https://www.instagram.com/p/DcKHnsgtcUn/,"A conta da irresponsabilidade chegou para quem trabalha e gera emprego.

Milhões de empresas estão inadimplentes, enquanto Lula parece mais preocupado com a próxima eleição do que em colocar as contas do Brasil em ordem.

#Caiado55
#BrasilComCaiado
#CaiadoPresidente 

—

Propaganda eleitoral - PARTIDO SOCIAL DEMOCRÁTICO - PSD - CNPJ 68.599.317/0001-20",2026-08-17T00:00:00Z,8044,DcKHnsgtcUn,1433,Conteúdo Programático,Conteúdo programático,Campanha Negativa,Campanha negativa,Vídeo,16-22_08,NA,NA
Caiado,https://www.instagram.com/p/DcHjp0DEnxc/,"O Brasil não precisa de mais um discurso contra o PT. Precisa de alguém que já provou, com coragem e resultado, que sabe enfrentá-lo.

Há 40 anos, não mudo de lado nem negocio minhas convicções. Sou o único capaz de derrotar esse projeto de poder e devolver o País aos brasileiros. 

#Caiado55
#BrasilComCaiado
#ForaPT

—

Propaganda eleitoral: PARTIDO SOCIAL DEMOCRÁTICO - PSD - CNPJ 68.599.317/0001-20",2026-08-16T00:00:00Z,7356,DcHjp0DEnxc,1093,Conteúdo Personalista,Conteúdo personalista,Competência,Competência,Foto,16-22_08,NA,NA
Caiado,https://www.instagram.com/p/DcVxnNNt54Q/,"De coração aberto e com a esperança de um futuro melhor para todos nós. 
#BrasilComCaiado
#ArrochaBrasil
#Caiado55
—

Propaganda eleitoral: PARTIDO SOCIAL DEMOCRÁTICO - PSD - CNPJ 68.599.317/0001-20",2026-08-22T00:00:00Z,6894,DcVxnNNt54Q,700,Conteúdo Personalista,Conteúdo personalista,Identidade,Identidade,Vídeo,16-22_08,NA,NA
Cury,https://www.instagram.com/p/DcL6cV2RCv2/,"Receber uma mensagem como essa do Pablo Marçal me toca profundamente, sobretudo porque ela fala de algo que considero raro na vida pública: reconhecer o outro mesmo quando nossas trajetórias, ideias e formas de enxergar o mundo não são exatamente as mesmas.

Obrigado, Pablo, pelo carinho, pela confiança e por suas palavras tão generosas. Recebo cada uma delas com gratidão e, acima de tudo, com senso de responsabilidade. 

O Brasil já perdeu tempo demais transformando diferenças em guerras. Famílias se afastaram, amizades foram rompidas e milhões de brasileiros passaram a olhar uns para os outros como adversários, quando deveríamos estar procurando juntos caminhos para o mesmo país.

Quero ajudar a construir um Brasil mais centrado, capaz de dialogar sem ódio, discordar sem destruir e encontrar soluções sem exigir que 200 milhões de pessoas pensem da mesma maneira.

Precisamos recuperar a capacidade de ouvir. De pensar antes de reagir. De colocar o ser humano novamente no centro das decisões.

Essa candidatura nasce desse propósito.

No dia 4 de outubro, se você também acredita que o Brasil pode trocar a guerra ideológica pelo diálogo, a agressividade pela inteligência e a divisão pela construção de um futuro comum, escolha Augusto Cury para presidente.

Na urna, vote 7️⃣0️⃣. E compartilhe esta mensagem com alguém que também acredita que o Brasil merece voltar a conversar.

#augustocury #presidente70 #brasil #eleicoes2026 #saudemental",2026-08-18T00:00:00Z,673000,DcL6cV2RCv2,21886,Conteúdo Personalista,Conteúdo personalista,Relações Pessoais E Interpessoais,Relações pessoais e interpessoais,Vídeo,16-22_08,NA,NA
Cury,https://www.instagram.com/p/DcRF6y8xKhr/,"Pablo Marçal (@pablomarcal1), eu vou discordar de você em uma frase: o Brasil merece, sim.

Merece uma política que eleve o debate, que trate adversários como adversários de ideias, não como inimigos, e que tenha coragem de apresentar caminhos em vez de fabricar ataques.

Obrigado pelas palavras generosas e pelo reconhecimento. Eu entrei nessa caminhada justamente porque ainda acredito profundamente no potencial deste país e do nosso povo.

Minha escolha será muito clara até o fim: 100% propostas, 0 ataques pessoais. Quero disputar a Presidência falando de educação, saúde mental, economia, gestão eficiente e pacificação nacional.

Se o Brasil está cansado da guerra permanente, então existe espaço para uma nova forma de fazer política. 

Ajude essa mensagem a atravessar as bolhas.

Augusto Cury para Presidente, 7️⃣0️⃣.
CNPJ 68.581.887/0001-92 - ELEIÇÕES 2026 AUGUSTO CURY - AVANTE
#augustocury #presidente70 #eleicoes2026 #brasil",2026-08-20T00:00:00Z,355681,DcRF6y8xKhr,10883,Conteúdo Personalista,Conteúdo Personalista,Competência,Competência,Vídeo,16-22_08,NA,NA
Cury,https://www.instagram.com/p/DcOzURdRNHb/,Compartilhe ❤️ @augustocury,2026-08-19T00:00:00Z,248739,DcOzURdRNHb,14889,Conteúdo Personalista,Conteúdo personalista,Identidade,Identidade,Vídeo,16-22_08,NA,NA
Cury,https://www.instagram.com/p/DcQpKqxR_vw/,"Na política, quase sempre esperam que você responda elogio com cálculo. Eu prefiro responder com gratidão.

Na sabatina do SBT, falei sobre as manifestações de Pablo Marçal (@pablomarcal1) e Silas Malafaia (@silasmalafaia). São gestos que recebo com respeito e responsabilidade.

Ninguém precisa pensar igual para reconhecer virtudes, dialogar e construir pontes. Aliás, uma sociedade inteligente cresce justamente quando aprende a conviver com as diferenças sem transformar tudo em guerra.

Talvez esse seja um bom exercício para o Brasil de hoje: menos torcida organizada e mais maturidade emocional. 

Se essa ideia faz sentido para você, compartilhe esse corte. Às vezes, uma conversa muda mais do que cem gritos.

Augusto Cury, Presidente 7️⃣0️⃣.

#augustocury #presidente70 #eleicoes2026 #brasil",2026-08-20T00:00:00Z,212498,DcQpKqxR_vw,7407,Conteúdo Personalista,Conteúdo personalista,Relações Pessoais E Interpessoais,NA,Vídeo,16-22_08,NA,NA
Cury,https://www.instagram.com/p/DcJC1OBRcAg/,"Agora é oficial: temos número. 

	70.	

Dois dígitos que cabem na memória e carregam uma ideia grande: um país que aprende a cuidar da própria mente, respeita quem pensa diferente e não esquece o lado humano da conta.

O Brasil inteiro grita. O 70 escuta.

70, Augusto Cury, com Júlio Delgado.",2026-08-17T00:00:00Z,185137,DcJC1OBRcAg,6398,Conteúdo Programático,Conteúdo programático,Mobilização Política,Mobilização política,Foto,16-22_08,NA,NA
